,pct_asian,pct_native,pct_black,pct_hispanic,pct_multi,pct_white,pct_ed,pct_swd,pct_lep,English_BegE,English_DevE,English_ProfE,English_DistE,Math_BegE,Math_DevE,Math_ProfE,Math_DistE,Science_BegE,Science_DevE,Science_ProfE,Science_DistE,Soc_BegE,Soc_DevE,Soc_ProfE,Soc_DistE,Third_Grade_Reading,Fifth_Grade_Reading,English_BegM,English_DevM,English_ProfM,English_DistM,Math_BegM,Math_DevM,Math_ProfM,Math_DistM,Science_BegM,Science_DevM,Science_ProfM,Science_DistM,Soc_BegM,Soc_DevM,Soc_ProfM,Soc_DistM,Eighth_Grade_Reading,English_BegH,English_DevH,English_ProfH,English_DistH,Math_BegH,Math_DevH,Math_ProfH,Math_DistH,Science_BegH,Science_DevH,Science_ProfH,Science_DistH,Soc_BegH,Soc_DevH,Soc_ProfH,Soc_DistH,College_Readiness,Accelerated_Course_Taking,Four_Year_Graduation_Rate,School District Code
0,1,0,23,15,3,58,44.200001,14,10,31.4,40,25.3,3.3,13.3,41.7,36.5,8.5,25.1,37.3,28.4,9.2,15.5,57.6,22.1,4.8,39.2,40.4,28.2,38.3,30.2,3.3,16.8,40.2,33.2,9.8,28.9,35,28,8.1,21.3,47.5,27.9,3.3,55.4,17.7,38.8,34.5,9.1,12.2,31.6,50.6,5.5,26,28.9,38.6,6.5,16.1,33.9,38.6,11.4,72.6,41.6,88.8,601
1,0,0,16,39,2,43,43,12,19,19.1,44.7,29.8,6.4,8,46.8,38,7.2,18.4,36,34.4,11.2,13.6,50.4,25.6,10.4,44.5,52.8,21.3,36.9,36.6,5.1,22.7,47.4,27.8,2,40.7,25.9,25.9,7.4,19.4,41.7,30.6,8.3,64.5,28.3,31.9,38.1,1.8,28.3,46.7,21.7,3.3,30.2,26.7,37.1,6,26.7,35.3,33.6,4.3,79.2,96.2,88.5,602
2,0,0,22,13,4,61,42.5,16,8,23.9,44.4,27.2,4.5,7.3,42.7,40.5,9.5,24.2,31.5,38.3,6,23.5,54.4,16.8,5.4,41.7,43.7,27.1,36.3,31.1,5.5,22.7,47.9,25,4.4,28.8,36.6,28.1,6.5,14.4,37.9,39.2,8.5,67.7,20,35.6,39.5,4.9,24.5,38.8,31.7,5,28.1,24.4,37.8,9.6,34,32.7,33.3,0,74.4,34.1,94.3,603
3,1,0,66,2,4,26,53.099998,11,2,39.9,38.4,17.4,4.3,29,47.4,18.8,4.7,50.7,26.4,18.4,4.5,42,46.6,9.1,2.3,29.7,37.3,41.7,37.5,18.6,2.2,39,43.8,14.9,2.3,46.4,31.9,17.5,4.2,35,40.4,20.3,4.3,48.4,35.3,41.8,22.2,0.7,55.4,34.2,8,2.4,44.6,26.4,25.3,3.7,41.2,34.4,22.8,1.7,43.3,45.1,92.3,605
4,1,0,2,9,3,86,27.9,15,4,21.5,31.8,37.2,9.5,10.3,33.4,44.3,12,16.7,28.6,37.6,17.1,20,43.3,25.2,11.4,50.3,60.1,24.6,35.5,35.7,4.2,15.4,39.2,37.8,7.6,15.2,26.2,35.6,23,16.3,37.9,32.6,13.2,69.2,18.5,30.8,40,10.8,32.4,52.9,13.2,1.5,31.8,25.9,36,6.3,13.9,24.6,44.4,17.1,59.3,26.8,92.7,606
5,5,0,13,18,5,58,25.299999,14,13,18.5,38.3,34.2,9,10.7,40.7,39.3,9.3,23.2,35.6,34.3,6.9,17.2,51.6,24.4,6.9,49.1,56.6,22,40.9,32.7,4.4,13,46.1,33.6,7.2,26.3,33.8,33.5,6.5,15.8,39.8,33,11.4,65.3,23.7,37.5,32.7,6.1,32.1,41,23.1,3.9,23.7,23.4,39.8,13.1,27.3,32.5,33.9,6.4,64.9,51.8,86.1,607
6,1,0,10,13,4,72,25.799999,12,6,25.1,33.7,32.2,9,15,39,34.6,11.4,26,31.8,31.7,10.6,19.1,49.7,23,8.1,49,53.9,28.7,33.7,32.7,5,20.5,38.5,31.3,9.7,34.2,34.6,26.5,4.8,21.3,37.1,31,10.6,61.6,20.6,34.3,36.4,8.7,33.6,38.7,22.3,5.3,40.1,23.3,29.8,6.7,21.8,33,36.9,8.3,50,43.9,87.1,608
7,1,0,42,12,3,42,47.5,13,7,34.5,45.3,18,2.1,26,51.5,18.9,3.6,55.5,23.8,16.2,4.5,51.3,31.3,14,3.4,32.4,34.5,31.9,41.4,23.1,3.6,24.5,50.5,20,5,19.3,31.1,34.9,14.6,22.2,44.8,25.5,7.5,59.2,27.7,28.6,42,1.8,57.8,29.3,9.5,3.4,40.8,19.9,30.3,9,40.2,31.7,27.1,1,59.4,61.4,79.8,609
8,0,0,12,8,4,76,39.900002,11,4,13.9,36.3,39.3,10.4,6.2,34.5,44,15.2,12.9,26.9,39.8,20.5,7.6,47.8,26.1,18.5,57.3,64.3,16.9,39,40.1,4,6.9,38.9,38.9,15.4,18.1,30.4,35.2,16.3,15,37,33.9,14.1,73.9,17.6,45.6,33,3.8,24.8,40.6,29.1,5.6,32.3,23.8,30.2,13.7,20.3,29.7,34.9,15.1,76.2,46.2,79.1,610
9,2,0,73,5,2,18,55.299999,10,3,36,36.5,21.8,5.7,26.9,42.8,24.6,5.7,43.2,27.8,22.8,6.1,36.1,43.6,15.1,5.2,34,43.8,40.3,34.8,21.6,3.3,39.1,40.3,17.2,3.4,54.7,26,15.8,3.5,39.7,36.3,19.5,4.6,47.3,32.5,36.1,26.5,4.9,48.7,34.3,14.4,2.5,47,23.6,24.7,4.8,46.7,29.8,19.3,4.1,51.5,35.9,78.5,611
10,1,0,26,3,3,67,37,15,0,15.3,39.3,34.2,11.2,6,38.6,44,11.4,8.4,30.5,37.7,23.4,5.4,33.5,29.3,31.7,48.2,59.1,14,29.7,45.1,11.2,5.4,33.7,44.5,16.4,15.7,34.3,36.6,13.4,12.1,47.4,29.5,11,79.7,16.1,28.6,40.5,14.9,19.9,30.8,30.8,18.6,22.2,20.4,32.3,25.1,15.3,23.2,54.8,6.8,70.2,41.1,92,612
11,0,0,3,3,2,92,39.700001,12,1,18,41,33.2,7.8,5,39.9,42.7,12.5,10,28.3,42.9,18.7,5.5,47,30.1,17.4,49.1,61,19.2,36.2,38.9,5.7,9.2,36.5,40.3,13.9,15.4,28.5,37,19.1,12.6,35.8,39.8,11.8,70.2,21.8,30.2,33.7,14.4,30.2,45.2,18.5,6,18.3,25.7,42.7,13.3,18.5,22.3,43.6,15.6,70.7,56.6,82.8,613
12,0,0,53,11,3,32,53.799999,13,6,36.8,37.5,23.1,2.6,20.3,51.4,24.6,3.7,39.4,28.4,26.5,5.8,27.6,55.1,14.7,2.6,27,37.8,39.8,33.8,23.7,2.7,33.8,35.6,20.7,9.9,46.6,33.6,19,0.9,41.4,37.1,20.7,0.9,51.6,31.7,42.3,23.6,2.4,41.9,37.5,16.9,3.7,30,26.3,35,8.8,54,31,15.1,0,52.3,40.5,85.5,614
13,3,0,16,7,5,68,14.2,11,2,15.7,32.3,38.2,13.8,10.1,35.4,38.2,16.2,22.1,35.3,31.6,11,15.6,49.6,21,13.8,61.4,65.5,16.8,33.6,40,9.6,12.7,38.6,34.2,14.5,20,29.5,35,15.5,13.4,33.3,37.1,16.3,65.9,13.5,33.8,40.4,12.3,22.8,41.3,30.3,5.6,17.7,23.6,42.1,16.5,9.7,23.4,48,19,66.8,44.4,88.1,615
14,2,0,37,6,4,51,38.599998,15,4,23.3,39.6,28.3,8.8,15.1,42.5,32,10.3,30.7,30,30.7,8.7,21.4,52.9,17.1,8.7,46.7,54.3,25,32.3,36.5,6.2,20.2,37.4,29.9,12.6,29.4,28,33,9.5,17.6,35.5,30.7,16.1,71.7,19.4,34.4,38.2,8,18.3,39.2,32.1,10.4,26.8,23.9,37.3,12.1,22.8,30.2,38.5,8.5,56.6,46.9,85.1,616
15,0,0,65,3,4,27,51.599998,11,1,34.4,37.2,23.9,4.6,14.2,53,28.1,4.7,38.4,29.6,27.9,4.1,30.3,53.1,14.3,2.4,31.3,45.4,37.6,35.5,24.1,2.8,35.8,40.5,19.8,3.9,43.6,41.3,14.1,1,34.9,48,15.1,2,41.4,26.1,43.5,29.7,0.7,26.1,49.6,21.5,2.9,27.7,35.2,31.9,5.1,23.7,38,36.1,2.2,56.9,46.4,89.3,617
16,0,0,32,4,4,59,40.799999,12,1,32.3,37.2,26.6,3.9,19.3,45.9,28.4,6.3,32.8,33.6,25.6,8,25.2,44,23.2,7.6,32.3,45.5,30.7,36.3,29.4,3.6,24.9,44.8,25.2,5.1,35.1,31,31,2.8,28.3,40.9,25.5,5.3,54.7,32.5,34.6,31.6,1.3,45.9,34.9,14.5,4.7,24.2,23.8,38.1,13.9,37.8,29.1,27.8,5.2,57.3,28.7,80.8,618
17,0,0,93,4,1,3,73.699997,8,3,50.8,39.8,9.3,0,22,61.9,15.3,0.8,66.7,21.6,11.8,0,56.9,37.3,5.9,0,11.1,17,46.2,36.1,16.8,0.8,43.7,42.9,12.6,0.8,35,37.5,27.5,0,30,50,20,0,41.5,41.5,41.5,17,0,35.6,44.4,20,0,47.9,29.2,20.8,2.1,60.7,30.4,8.9,0,53.5,46.5,89.4,619
18,1,0,22,8,8,60,26.6,13,1,13.1,32.2,37.9,16.7,5.5,31.1,44.8,18.6,11,25.1,45.7,18.2,7.6,41.7,32.8,17.9,58.5,70.7,14.6,31.6,42.1,11.7,11.3,35.3,35.1,18.3,17.2,24.3,40.3,18.2,13.3,40.8,31.1,14.8,79.5,9.6,28,54.3,8.1,11.3,35.3,34.5,18.9,10.6,21.7,42.1,25.7,7.6,20.2,60.7,11.6,71.7,61.1,92.6,620
19,1,0,29,20,3,47,45.700001,13,4,32.4,37.3,26.6,3.7,17.5,37.1,38.8,6.6,34.2,39.1,24.2,2.5,20.6,56.3,18.8,4.4,42.5,45.3,33.5,38.3,24.3,3.9,20,34.2,36,9.9,49.1,27.7,22,1.2,39.8,37.4,17.5,5.3,49.7,13.2,44.3,40.6,1.9,30.5,41.4,24.1,4,18.7,21.3,44,16,7,30.5,53.9,8.6,45.5,50.9,91.2,621
20,0,0,17,9,7,67,29.299999,14,4,18.3,34.9,33.7,13.1,10.2,35.8,39.3,14.7,20.5,27.7,37.5,14.3,15.2,45.1,27.3,12.4,53.7,56.6,23.1,32.6,36.2,8.1,15.6,39.9,32.1,12.4,25.7,28.6,34.6,11.1,19.9,38,31.8,10.3,62.2,19.8,29.2,40.7,10.3,24.9,39.8,29.7,5.6,28.3,20.9,37.4,13.4,25.4,30.6,35.8,8.2,67.7,41.4,91.7,622
21,2,0,3,4,3,87,23.299999,17,2,18.5,37.7,35.9,8,16,40.8,35.5,7.7,24.2,40.1,30.7,5,20.6,54.6,19.5,5.3,51.7,59.4,18.6,32.6,39.8,9,11,32.6,40.1,16.3,19.2,24.9,34.1,21.8,19.9,35.5,31,13.6,71.3,17.5,33,41.9,7.6,18.8,34.1,35.8,11.3,23,24.9,37.5,14.5,20.5,27.1,43.4,9,62.2,46.6,87.8,623
22,1,0,29,2,6,61,37.900002,11,1,28,41.3,26.7,4,19.1,47.6,28.7,4.5,21.6,38.8,31,8.6,15.5,50,19,15.5,35.8,43.7,28.1,35.7,32.7,3.5,19.4,38.1,32,10.6,29.4,36.1,22.7,11.8,19.3,49.6,27.7,3.4,66.7,28.7,45.1,23.8,2.5,38.1,46,13.5,2.4,29.4,30.3,35.8,4.6,23.4,32.4,39.6,4.5,60.7,52.2,86.5,624
23,2,0,57,8,5,27,40.200001,11,4,30.3,39.7,24.4,5.5,21.1,44.9,27.5,6.6,40.2,30,22.3,7.5,31.5,47.5,15,6,37.7,49.1,30.2,36.7,28.8,4.2,28.8,43.8,22.4,5,44.9,28.9,22.1,4.2,29.8,42,23.9,4.3,60,25.6,38.4,30,6,44,37.3,16.1,2.6,40.6,26.6,25.9,6.9,28.6,29.2,34.2,7.9,58.5,43.1,86.6,625
24,1,0,27,10,6,55,31.5,15,1,14.4,39.6,36.9,9,12.5,47.3,33,7.1,8.3,38.9,36.1,16.7,8.3,50,16.7,25,55,58.1,27.3,42.4,29.5,0.7,20.1,44.6,33.1,2.2,35.3,35.3,25.5,3.9,23.5,43.1,31.4,2,57.4,19.1,42.6,36.8,1.5,38.3,44.2,16.7,0.8,27,23.4,42.3,7.2,19.8,39.6,35.2,5.5,50,63.6,82.1,626
25,0,0,9,6,6,79,44.200001,18,2,30.4,40.4,26.2,3.1,23.3,41,31.5,4.2,31.8,34.1,23.6,10.5,26.2,51.1,15.8,6.8,41,33.8,24.8,37.6,34.4,3.2,17.9,45,32.2,4.9,31.7,29,32.3,7,21.5,45.7,30.6,2.2,66.7,24.9,34.8,40.3,0,49.1,35.2,13.9,1.8,37.7,31.7,24,6.6,36.5,21.9,40.1,1.6,45,34.8,82.2,627
26,2,0,8,18,4,68,9.6999998,12,9,18.7,30.6,37,13.8,10.1,29.2,40.4,20.3,20.5,32,34.7,12.7,14.9,46.6,27.1,11.4,53.9,64.1,17.1,28.6,43.2,11.2,12.3,32,38.8,16.9,20.9,30.6,37.7,10.8,14.7,35.4,35.1,14.8,75.1,10.7,24.7,47.3,17.2,16.7,34.5,35.6,13.2,13.6,19,45.5,21.9,12.8,25.2,44.8,17.2,63.7,48,87.4,628
27,2,0,49,24,4,20,45.5,14,17,38.2,29.2,23.7,8.9,24.5,37.5,27.5,10.5,39.3,31,21.2,8.5,30.8,47.8,14.7,6.7,36.3,43.7,40.8,30.3,24,4.9,34.8,33.5,22.4,9.3,43.9,29.3,21.7,5.1,34.1,33.8,24,8,48.2,32,33.8,27.8,6.4,38.4,33.3,19,9.2,45.8,21.1,23,10.2,37.6,28.5,27,7,44.2,50.5,79.6,629
28,4,0,70,22,3,2,42.299999,11,15,37.5,34.8,23.1,4.6,28.4,40.8,25.7,5.1,42.8,31.9,21.3,4,33.6,46.6,15.4,4.5,32.2,39.4,37.8,34.1,24.4,3.7,36.8,38.8,19.5,4.9,47,30.4,19.8,2.7,32.2,38.2,23.4,6.1,48.4,30.1,40,26.9,3.1,49.6,35.2,13.3,1.9,45.3,24,26.1,4.6,36.1,31.8,26.8,5.3,34.7,35.3,71.7,631
29,0,0,34,4,5,55,45.799999,12,3,28.9,43.6,24.1,3.4,19.9,45.7,28.9,5.5,45.1,35.2,19.8,0,38.5,47.3,13.2,1.1,32.4,28.4,35.3,39.9,23.8,1,34.4,50.2,14.4,1.1,35.6,38.9,22.2,3.3,16.7,55.6,24.4,3.3,50,22.7,43.3,33,1,24,57.3,18.7,0,29.3,23.9,31.5,15.2,21.4,40.8,32.7,5.1,76,37.8,98.9,632
30,6,0,31,22,4,38,15.4,13,14,17,30.7,37.1,15.2,13,35.6,36.5,14.9,28.2,28.8,31.1,12,19.9,47.4,22.3,10.4,56.4,64.6,16.7,30.5,41.4,11.4,12.6,33.3,35.4,18.7,22.2,28.1,35.1,14.6,15.4,31.7,34,18.9,76,12.2,28.4,40.3,19.1,18,30.2,33.2,18.3,16.9,21.8,40,21.4,11.6,21.3,42.7,24.4,58,52,85.2,633
31,1,0,31,19,3,46,45.400002,9,11,23.7,42.7,26,7.6,11,45.6,33.2,10.3,22.1,33.4,31.6,13,16.4,52.7,20.4,10.4,44.1,47.1,24,39.9,30.3,5.8,18.1,42.6,29.6,9.7,26.1,27.5,33.6,12.8,22,47.2,25.4,5.3,68,25.4,35.2,33.5,5.9,31.1,39.3,22.3,7.4,25.9,26.1,36.6,11.4,33.8,32.3,28,5.8,60.5,58.2,82.8,634
32,1,0,27,29,3,41,48.799999,12,21,32,41.3,22.9,3.8,19.5,44.4,30,6.2,43.1,31.3,20.7,4.9,32,49.9,14.8,3.2,37.3,38.2,37.5,36.5,23.2,2.8,23,44.2,25.2,7.7,37.6,32.7,26.7,3,28.3,38.9,25.2,7.6,48.9,27.4,33,33.8,5.8,27.9,38.4,29.1,4.7,33,27.1,33.8,6.1,33.4,28.4,30.5,7.7,61.8,51.5,79.6,635
33,4,0,20,10,6,59,15,8,3,15.1,30.4,40.1,14.4,8,29.1,42.3,20.6,14.3,27.8,39.9,18.1,10.8,44.4,28.5,16.3,60.5,68.8,17.2,34.8,39.4,8.6,12.5,35.7,36.4,15.3,19.9,32.7,38.2,9.2,11.8,37.1,35.3,15.8,76.3,10.2,30.4,44,15.3,9.2,31,46.4,13.4,15.2,22.3,42,20.4,12.6,30.1,42,15.3,61.3,60.8,90.6,636
34,1,0,33,10,3,52,46,13,5,40.7,34.8,20.7,3.8,29.4,42.2,23.9,4.5,38.8,27.2,29,4.9,34.4,41.5,19.2,4.9,27.3,40.4,32.1,34.1,29.9,3.9,23.2,40.2,29.5,7.1,33.3,37.8,24.3,4.5,26.1,42.8,20.7,10.4,54.3,31.8,34.5,29.5,4.1,43.1,35.9,15.9,5.2,35,26.3,28.4,10.3,28.1,28.6,36.9,6.4,61.4,34.6,89.9,637
35,2,0,23,10,4,61,20.1,10,4,17.5,34.3,36.6,11.6,11.3,39.7,37.6,11.4,22.7,32.6,33.7,10.9,18.4,48.1,22,11.5,52.9,63.6,19.1,32,39,9.8,11.8,36.1,36.7,15.4,24.7,29.5,34.2,11.6,15.2,34.9,34.8,15.1,72.8,16.8,29.9,39.4,13.9,18.1,34,33.9,14,24.1,23.8,36.9,15.2,13.8,26.9,41.3,17.9,65.8,52.1,84.8,638
36,0,1,22,3,4,71,39.900002,16,1,23.6,42.4,30.9,3.1,11.8,50.3,31.9,6,40.6,38.3,20.3,0.8,29.9,56,14.2,0,43.8,49.6,31,39.9,27,2.2,21.8,50.1,22.6,5.4,40.7,41.5,15.4,2.4,36.6,46.3,14.6,2.4,53.5,25.2,39.3,30.8,4.7,32.8,47.4,13.8,6,41.7,27.6,29.9,0.8,25.7,29.2,37.2,8,60.4,41.7,82.6,639
37,2,0,58,5,2,33,50.099998,13,3,40.1,34.9,20.4,4.7,27.5,42.8,21.6,8.1,44.9,30.7,18.8,5.6,42.6,43.6,9.6,4.3,28.8,41.7,34.1,40.6,22.2,3.1,22.3,47.7,23.5,6.5,38.8,32.8,26.9,1.5,32.8,47,16,4.1,49.1,37.1,37.6,24.9,0.4,35.5,37.7,23.8,3,45,29.1,21.6,4.3,43.1,22,34.1,0.8,73.5,43.4,87.9,640
38,1,0,1,2,2,94,22.200001,18,1,16.6,36.6,38.2,8.5,10.6,31,43.4,15.1,13.2,36.1,37.5,13.2,13.2,49.3,29.2,8.3,59.3,58.3,23.4,43.5,29.1,4,13.8,41.6,34.8,9.8,37.3,35.3,22.2,5.2,18.3,45.8,29.4,6.5,63.4,23.3,35.3,35.3,6,27.2,57,14.6,1.3,21.1,29.4,36.6,12.9,30.8,39.2,27.5,2.5,58.3,46.7,92.2,641
39,1,0,1,9,2,88,21.5,15,5,19,36.8,34,10.2,8.1,31.6,43.4,16.9,14.1,30.1,37.3,18.5,12,49.4,25.7,12.9,50.2,63.9,17.5,36.5,39.7,6.3,14.7,43.2,31.4,10.7,30.5,38,29.8,1.7,9.2,29.8,36,25,68,12,35.7,45.2,7.1,21.1,43.3,32,3.6,19.3,20.3,43.8,16.7,14.9,27.8,46.7,10.6,73.7,38.8,94.7,642
40,0,0,50,10,3,36,48.700001,10,6,28.6,36.4,27.3,7.7,13.3,44.8,34.8,7.1,22.2,31.9,35.9,10,22.7,48.1,21.6,7.6,38.7,46.9,35.1,37.2,24.4,3.3,29.1,44.6,21.2,5.1,30.6,30.3,28.7,10.4,28.7,41.3,23.2,6.7,50,35.7,40.1,22,2.3,24.9,44.3,26.6,4.2,33.3,27.2,32.3,7.1,26.7,26.2,39.9,7.2,60,27.5,84.1,643
41,7,0,62,18,2,11,41,10,19,33.5,33.3,24.4,8.8,27.4,40.5,24.7,7.5,41.5,28.5,22.4,7.5,34,42.7,15.1,8.1,36.2,45.4,34.8,33.1,26.3,5.9,31.6,39.3,21.7,7.4,44.7,26.8,21.3,7.1,34.7,35.9,22.4,7.1,54.1,28.2,35.6,28.7,7.4,36.9,38.8,19.7,4.5,39,24.4,26.7,9.9,29,31.7,30.2,9.1,50.5,44.3,75,644
42,0,0,35,4,3,58,44.700001,14,2,26.4,38.4,29.5,5.7,15.2,43.9,34.1,6.8,27,25.3,37.6,10.1,19,47.3,26.2,7.6,46,52.3,29.4,35.7,29.3,5.6,21.2,38.9,30,9.9,40.9,32.7,25.5,0.9,25.5,39.1,28.2,7.3,60.9,32.8,35.6,30,1.7,15.8,32.5,44.3,7.4,16.4,18.8,50.7,14.1,31.4,30.9,33,4.8,61.2,25.7,93.1,645
43,1,0,72,17,2,8,52.400002,9,11,46.8,36,16.5,0.7,38.3,47.3,13.4,1.1,44.7,36.5,17.6,1.2,32.9,48.2,11.8,7.1,23.7,34.9,52.5,36.6,10.5,0.4,44,46.3,9.3,0.4,70.7,21.3,8,0,29.3,53.3,16,1.3,42.1,61,30.5,8.5,0,69.2,22,8.8,0,64.3,17.9,17.9,0,60.2,28.9,9.6,1.2,32,45,83.2,646
44,1,0,89,3,1,6,64,10,3,37,39.1,20.9,3,21.6,50.9,24,3.5,38.1,34.8,23.1,3.9,28.4,53.5,14.7,3.4,27.5,41.6,38.6,37.9,21.3,2.3,35.5,43,17.6,4,39.4,28.9,25.2,6.5,34,39.7,21.7,4.5,47.9,35.4,36,26.6,2.1,41.4,41.5,12.9,4.2,44.7,27.4,24.2,3.6,37.2,29.7,29.4,3.6,49.5,34.9,86.1,647
45,1,0,53,16,4,24,27.9,12,10,20.3,38.6,32.6,8.4,14.9,41.8,34.2,9.1,23.4,35.9,30.8,10,17.8,52.3,22,7.9,47.3,58.2,21,36.9,35.4,6.7,20,42.5,28.2,9.3,32.3,30.2,29.4,8,19.5,40.8,30.9,8.7,66.7,22,35.7,36.7,5.6,30.5,39.4,25.2,4.8,36.7,25.5,30.3,7.6,24.2,35.3,33.6,6.9,59.2,50.5,86.5,648
46,1,0,70,3,2,25,59.299999,13,0,36.4,41.2,17.6,4.8,11.8,52.5,30.8,5,41.4,33.6,21.1,3.9,27.6,45.4,20.4,6.6,33.6,36.2,30.3,39.4,27.4,2.9,21.2,45.1,27.1,6.5,34,30.1,26.9,9,21.2,42.3,23.1,13.5,60,33.6,29.6,34.4,2.4,32.5,48,18.7,0.8,39,30.1,24.7,6.2,26.5,30.5,41.7,1.3,59.8,45.1,90.9,649
47,0,1,2,45,1,49,51.599998,7,23,25.4,46.1,25.4,3.1,15.5,54.9,23.8,5.7,20.8,29.2,41.7,8.3,11.1,40.3,38.9,9.7,37.3,45.3,26.1,32.7,34.5,6.7,17.6,42.4,29.7,10.3,29.4,35.3,33.3,2,21.6,43.1,31.4,3.9,70.6,22.1,42.6,32.4,2.9,30.4,48.2,17.9,3.6,22.6,45.3,28.3,3.8,17.6,48.5,32.4,1.5,66.7,61.7,95.3,650
48,1,0,15,7,5,72,19.9,15,3,13.1,35.6,38.3,13,6.6,36.3,43.2,13.9,16.3,27.4,39.1,17.2,11.7,42.4,28.4,17.5,56.5,65.2,16.1,36.2,38.7,9.1,7.9,36.3,39.8,16,14,28.2,43,14.8,8.3,34,42.2,15.6,78.4,13.4,32.4,44.3,9.9,15,40.1,34.3,10.6,15.3,26.2,44.9,13.6,14.4,26.8,43.5,15.3,76.4,45.9,91.3,651
49,1,0,34,10,4,51,41.900002,12,5,38.2,35.7,22.5,3.6,23.2,42.7,28.7,5.4,40.3,29.9,23.5,6.3,33.5,46.6,13.6,6.3,34.8,38.1,34.1,37.6,26,2.3,24.2,43.6,27.2,5,47,35.5,16.5,1,22,38,32.5,7.5,54.3,29.4,36.6,27.8,6.2,41.2,32.8,21.4,4.6,51.1,16.8,24.2,7.9,36,32.5,27,4.5,70,48.3,81.9,652
50,1,0,42,8,3,47,53.299999,13,4,33.5,36.8,25.5,4.3,18.9,46.6,29.2,5.3,36.2,32.5,25.8,5.5,31.4,52.6,14,2,38.8,34.2,35.6,36.9,23.7,3.8,30.9,42.1,22.1,4.8,40.8,27.3,23.2,8.7,21.1,45.7,24.9,8.3,55.3,31.9,37.8,28.2,2.1,35.9,35.6,20.3,8.1,40.5,26.6,24.7,8.1,24.1,36.2,31,8.6,63.2,36.2,84.4,653
51,1,0,35,25,2,37,54,10,15,43.1,33.5,19.6,3.8,20.3,43.8,26.3,9.6,54.9,25.4,16.2,3.5,36.9,44.7,15.6,2.8,24.1,38.1,33.7,39.9,23.7,2.7,19.3,42.8,28.9,9,42.7,28.2,22.9,6.1,22.1,47.3,21.4,9.2,56.5,31.6,25.3,34.7,8.4,29.4,34.5,28.6,7.6,29.8,32.3,32.3,5.6,19.2,30.3,47.5,3,55,43.8,81.8,654
52,1,0,0,5,2,92,30.6,13,3,18,36.2,36.1,9.7,12.8,39.9,39.1,8.2,16.7,28.1,40.4,14.9,9.2,43,31.6,16.2,61,61.7,22,33.7,38.3,6.1,14.2,36.4,37.9,11.4,33.2,34.5,28.6,3.8,27,34.2,30.4,8.4,67.2,8.9,29.6,49.8,11.7,9.6,37.3,40.4,12.7,22.9,27.9,40.1,9.2,15,31.9,36.2,16.9,83.5,38.2,94.3,655
53,7,0,28,12,5,48,10.6,10,6,10.8,28.4,40.9,19.8,6.6,29.5,42.6,21.3,12.4,24.1,41.1,22.5,7.4,37.3,33.6,21.7,65.1,72.6,11.1,26.3,46.9,15.7,7.8,28.6,40.2,23.4,13.7,21,41.7,23.6,8.3,23.2,40.1,28.4,82.8,6.7,20.1,48.2,25,7.6,32.4,38.3,21.7,15.3,20.2,41.1,23.4,9,22.8,43.9,24.3,68.7,54.2,88.8,656
54,1,0,7,10,4,78,28.200001,14,5,22.1,39.3,31.4,7.2,13.2,39.2,36.9,10.7,28.5,33.3,30.9,7.3,18.5,51.5,21.6,8.4,44.8,54,26,37.7,32.1,4.2,18.7,41.9,30.9,8.5,28.7,30.1,33.2,8.1,20.3,36.3,30.9,12.4,51.9,17.7,34.8,40.2,7.3,32.1,35.1,25.9,7,28.5,25.3,36.1,10.2,28.1,31.1,33.2,7.5,58.4,40,93.6,657
55,20,0,4,13,3,60,6,12,9,8.1,23,41.4,27.5,4.3,18.8,39.6,37.2,10.2,22.8,39.6,27.4,7.6,35.8,30.5,26.1,71.5,79.1,7.3,21.8,49.3,21.7,4.3,18.7,37,40.1,11.5,22.9,41.5,24.1,5.6,25.1,41.4,28,86.9,5,18.7,51.3,25,6.5,24.9,39.3,29.3,8.9,15.5,41.6,34,7.3,22.1,44.8,25.8,78.8,72.1,94.2,658
56,1,0,10,9,4,76,35.599998,13,5,31.4,35.7,26.8,6.1,22.9,37.4,32.5,7.2,27.5,32.2,31.9,8.4,25.6,45.8,19,9.5,36.2,50.7,27.6,35.6,32,4.8,22.4,41.5,29,7.1,30.4,26.8,34.2,8.6,15.2,44.7,33.9,6.2,64.3,24.2,32.1,36.7,7.1,28.1,36.7,26.6,8.6,24.3,27.8,34.3,13.6,24.5,28.3,42.5,4.7,70.8,38,91.3,659
57,11,0,42,15,3,29,23.299999,10,10,21.5,29.1,32.5,17,15.4,32.8,33.9,17.9,28.4,27,30.1,14.5,21.6,40.1,23.3,15,51.7,60.9,20.4,29,38.2,12.4,19.5,31.8,28.4,20.3,29.1,23.4,30.5,17,19.1,32.4,32.8,15.7,65.4,17.5,26.5,37.6,18.4,26.8,26.8,27.3,19.1,18.9,18.1,37.8,25.1,21.7,24,35.8,18.4,62.4,57,86.8,660
58,0,0,0,27,1,71,26.4,9,20,26.6,35.5,28.9,9,15.3,40.3,33.2,11.2,20.2,31.8,33.1,14.9,19.6,44.5,22.7,13.3,39.6,50.9,25.3,29.8,37.5,7.4,17,37,35.8,10.3,17.5,21.3,36.9,24.2,15,31.2,34.4,19.4,63.9,24.9,34.4,35.1,5.6,30.5,43.6,20.4,5.5,29.1,28.4,33.2,9.3,25.9,31.4,34.5,8.3,67,24.8,83.8,661
59,0,0,8,1,2,89,29.4,9,0,22.2,46.3,27.8,3.7,13.9,41.7,36.1,8.3,38.9,36.1,19.4,5.6,30.6,61.1,5.6,2.8,39.4,42.1,20.8,38.3,34.2,6.7,14.2,43.3,34.2,8.3,39.4,42.4,15.2,3,24.2,48.5,21.2,6.1,65.7,10.5,28.9,57.9,2.6,0,35,57.5,7.5,26.3,34.2,36.8,2.6,33.3,33.3,28.9,4.4,76.2,68.3,87.9,662
60,2,0,35,12,4,47,37.700001,14,9,21.6,37,31.2,10.3,13.9,41.4,33.6,11.1,31.2,32.5,26.9,9.4,20.5,50.4,19.9,9.3,47.2,55.3,19.7,33,38,9.4,16.5,39.1,31.8,12.6,29.5,30.6,31.3,8.6,17.4,37.7,31.5,13.4,69.2,12.4,31,42.8,13.8,13.3,45.9,33,7.8,11.4,19.1,49.8,19.6,13.6,28.6,46.5,11.3,61.7,52.2,95.1,663
61,1,0,2,17,3,78,27.799999,11,9,22.9,38.7,30.3,8,13.4,40.5,38.6,7.5,24.8,31.8,32.2,11.2,22.6,50.9,20.2,6.4,40.8,50.2,23.9,40.8,30.5,4.8,15.1,42.4,34.7,7.8,29.8,34.5,27.8,7.9,23.8,40.8,27.9,7.6,67.2,22.6,35.5,39.7,2.2,13.9,39,39.4,7.6,23.2,20,43.1,13.8,25.9,33.6,34,6.5,52.2,36.5,94.8,664
62,0,0,34,22,2,42,45.599998,11,16,37.4,40.5,19.7,2.4,21.1,49.2,26.3,3.4,36.4,34.5,25.5,3.6,25.5,53.8,14.6,6.2,31.1,38.6,40.2,34.1,23.6,2.1,33.5,40.7,21.5,4.3,45.3,31.5,19.8,3.3,27.5,41.9,22.8,7.8,44.2,35.9,37.5,23.3,3.2,41.9,41.9,14.9,1.3,36.8,24.7,32,6.5,38.8,26.9,31.6,2.7,53.4,43.6,90.7,665
63,1,0,47,13,3,35,40.700001,12,8,26.1,31.1,31.5,11.3,10.4,37.1,36.6,15.9,39.5,24.6,24,12,28.3,36.1,27.1,8.4,45.5,52.4,25.6,35.6,34.4,4.4,22.3,44.1,26.8,6.7,37.8,36.6,23.8,1.7,28.8,36.2,26.6,8.5,58.9,22.2,39.3,24.8,13.7,40.1,40.1,15.8,4,9.1,10.2,47.7,33,25.2,24.4,41.5,8.9,56.6,51.6,89.5,666
64,11,0,32,30,4,23,20.299999,12,22,17.4,30.9,36.6,15.1,11.7,31.7,37.8,18.8,20.7,25.8,34.5,18.9,17,42.5,25.2,15.4,55.8,64,16.8,29.2,41.4,12.6,13.2,31.6,36.4,18.8,21,27.4,34.4,17.2,12.9,28.1,33,26,75.6,14.8,28.7,42,14.5,20.3,32.2,34.3,13.1,20.6,20.3,38.3,20.8,15.9,25.3,40.9,17.9,57.4,53.8,81.7,667
65,3,0,2,30,3,63,28.6,16,18,21.2,35.2,33.6,10,12.4,37.6,37.8,12.2,22.6,35.4,32.9,9.1,18.4,52.3,21.8,7.5,46.8,56.1,22.8,36,34.5,6.8,13.5,35.2,36.8,14.4,24.2,30.9,33.9,11,13.3,38.4,36.5,11.8,59.5,17,31.4,42.5,9.2,22,28.2,35.4,14.4,24.4,22.7,31.3,21.6,20.8,23.9,39.7,15.6,58,46.3,92,668
66,1,0,5,43,2,49,23.200001,12,28,29.3,34.1,28.4,8.2,19.9,39.7,31.9,8.4,32.2,31.9,27.2,8.7,21.9,48.2,20.7,9.2,40.8,49.3,28.4,33.2,33,5.3,19.9,36.9,31.5,11.8,27.5,33.9,31.7,6.9,23,40,29.3,7.7,47.3,20.5,34.4,37.9,7.2,23.1,40.1,28.5,8.2,27.4,25.6,36.1,10.9,23,34.1,34.8,8,63.8,45.7,88.2,669
67,0,0,2,3,4,90,39.900002,17,1,30,42.4,23.5,4.1,14.5,49.6,32.5,3.4,15.7,32.5,35.8,16,17.5,59.3,17.5,5.6,36.8,41.5,24.7,37.4,32.6,5.2,11.5,44.9,37,6.7,23.4,39.4,30.3,6.9,12.1,47,31.9,9.1,58.6,18.2,47.1,30.6,4.1,37.2,38,21.2,3.6,30,23.1,40.4,6.5,30.4,33.6,29.1,6.9,66.5,43.2,94.3,671
68,1,0,16,5,5,73,16.200001,10,1,16.2,37.2,36.9,9.8,8.6,40.5,42.5,8.4,19.3,26.8,38.3,15.8,18,43,26.3,12.8,57,63.4,14.9,37.8,40.5,6.9,10.1,34.4,41.9,13.6,14.6,24.7,40.4,20.2,11.5,35.5,35.7,17.3,74.3,16,28.8,44.4,10.8,14.6,39.5,38.8,7.1,24.9,27.6,38.4,9.1,16.8,28.4,44.8,9.9,69.4,60.8,92.4,672
69,1,0,23,8,4,63,35.900002,13,4,27.5,32.6,30.4,9.5,18.9,42.5,31.1,7.6,23.2,30.4,34.1,12.3,15.1,44.5,26.7,13.7,46.8,52.8,24.4,36.2,35.1,4.3,22.3,36.8,29.9,11,44.1,30.1,21.5,4.3,20.4,32.5,31.4,15.7,49.7,23.3,31.6,38.9,6.3,32.8,37.6,26.4,3.2,47.5,34.7,17.3,0.5,18.3,34.3,38.8,8.6,53.9,51.7,95.1,673
70,0,0,9,2,5,83,35.900002,15,0,15.8,32.6,37.3,14.3,8.9,34.8,41.3,15,19.1,29.1,36.2,15.6,15,56.4,19.3,9.3,58,51.4,13,25.8,47.7,13.5,4.4,20,48.1,27.4,11,27.9,42.6,18.4,5.9,32.4,39,22.8,66.7,18.8,33.1,39,9.1,15.3,28.7,46,10,20,22.7,40.5,16.8,9.5,29.9,37.4,23.1,64.7,37,91,674
71,3,0,53,10,5,29,24.700001,13,3,29.4,36.8,27.9,5.9,21.8,42.3,29.3,6.5,33.8,37.2,24.7,4.4,24.3,54.1,16.9,4.7,40.9,49.6,27.1,35.2,32.2,5.4,27.3,42.1,24.3,6.3,32.9,33.7,25.7,7.6,24.7,45.4,24.8,5.1,64.2,18.4,37.4,37.5,6.7,35.6,38.2,21.6,4.6,33.7,26.8,30.9,8.6,26.7,32.9,34.3,6,54.2,40.7,87.7,675
72,3,0,38,9,6,44,29.5,12,5,18.8,34.8,34,12.5,10.8,39.9,38.4,10.8,24.5,30.8,33,11.7,21,47.6,22.6,8.8,50.6,60.3,20.7,36.1,36.2,7.1,13.3,36.7,37.6,12.4,19.1,30.5,38.6,11.8,14.5,37.4,35.7,12.4,73.2,21.4,33.5,37.5,7.6,17.8,37,36.8,8.5,23.9,25.6,38,12.5,19.8,23.9,39.3,17,65.6,52.7,87.2,676
73,0,0,32,5,2,61,42.400002,17,1,23.4,39.5,33.6,3.5,10.4,44,40,5.7,32.4,29.5,28.1,10.1,20.9,57.6,19.4,2.2,45.1,47.2,32.9,42.2,21.8,3.1,20.7,44.2,29.2,5.9,32.2,33.9,26.1,7.8,39.1,40.9,18.3,1.7,66.7,15.3,23.4,58.6,2.7,29.5,42,27.7,0.9,19.4,29.8,33.9,16.9,18.9,27.9,46.8,6.3,72.5,48.2,92,677
74,3,0,6,14,4,73,24.799999,14,8,20.5,34.2,33.7,11.6,12.5,34,39.5,14,19.3,33.6,35.7,11.4,12.8,49.7,28.6,8.9,49.7,60.8,22.1,36.6,35.7,5.5,15.3,39.4,34,11.3,24.5,29.3,36.7,9.5,16.9,33.5,32.8,16.8,63.5,13.6,33.6,44.9,7.8,11.7,31.4,46.1,10.8,12.5,17.4,54.7,15.4,14.7,34.1,41.8,9.5,64.1,48.7,93.6,678
75,0,0,23,7,4,66,40.799999,10,3,28.4,39.7,26.9,5.1,24.2,47.4,25.6,2.8,40,37.1,18.9,4,30.3,51.4,18.3,0,35.2,45.3,27,41.6,28.4,3,18.3,41.1,33,7.5,31.6,32.9,30.4,5.1,22.8,43,30.4,3.8,68.3,24.3,38.2,35.5,2,15,41.5,39.5,4.1,24.4,24.4,44.4,6.8,17.9,25.5,42.1,14.5,60.4,44.1,84.9,679
76,1,0,15,22,2,61,43.099998,13,16,24,38.1,31,7,10.1,42.4,38.8,8.6,12.1,29,37.5,21.4,10.3,36.2,24.1,29.5,42.6,51.1,31.9,34.5,28.4,5.3,19.5,40.9,31.1,8.5,27.6,32.3,32.3,7.8,25.3,37.3,30,7.4,59.7,25.3,35.4,37.1,2.2,22.2,48.5,27.3,2.1,17.3,25,44.4,13.3,34.4,26.4,34.4,4.7,63,36.8,90.4,680
77,1,0,68,6,2,23,55.5,13,3,43.4,38,14.8,3.7,31.6,42.2,23.2,3,57.1,26.4,13.2,3.3,40.1,48.4,8.2,3.3,24.4,27.4,49,31.6,19,0.4,40,39.7,18.4,1.9,47.8,37.1,12.9,2.2,41,38.2,19.1,1.7,45.2,45.6,29.7,22,2.7,42.4,37.5,19,1.1,59.6,22.3,15.5,2.6,58.5,25.8,15.7,0,62.2,40,87.5,681
78,0,0,52,7,3,39,54.900002,9,5,28.8,35.6,29.9,5.7,11.7,46.6,32.2,9.5,48.4,33.3,16.1,2.2,33.3,49.5,10.8,6.5,47,32.3,38,33.2,27.1,1.7,30.6,44.5,19.2,5.7,13.6,30.3,42.4,13.6,34.3,31.3,28.4,6,57.1,37.8,35.4,26.8,0,46,40.2,12.6,1.1,48.7,24.4,24.4,2.6,44.2,38.4,16.3,1.2,48.8,41.7,80,682
79,0,0,42,4,2,51,50.200001,13,0,30.4,40.1,23.2,6.3,11.8,43,37.6,7.6,37.9,29.5,24.2,8.4,34.7,48.4,15.8,1.1,42.4,40.6,35.4,32.5,27.6,4.5,22.5,33.3,28.6,15.6,39.5,32.9,25,2.6,25,47.4,26.3,1.3,67.9,36.6,34.1,25.6,3.7,29,45,22,4,37.2,27.4,29.2,6.2,47.7,35.2,17,0,58.4,47.1,93.3,683
80,1,0,25,2,3,69,28.6,14,0,20,37.6,32.6,9.8,14.3,42.5,34.2,9,20.2,31.6,35.6,12.6,20.7,47.2,24.7,7.4,50.7,55.9,23.9,38.6,33.4,4.1,16.6,42.4,34.1,7,22.1,40.3,31.3,6.2,17.4,43,32.6,7,63,17.7,36.2,38.6,7.5,26.4,46.2,24.3,3.1,25.3,25,41.6,8.2,12.4,27.8,54.2,5.7,59.8,46,87.8,684
81,1,0,32,3,4,60,37.099998,12,1,20.7,42.9,30.3,6.2,12.1,43.2,34.5,10.1,29.2,38.5,29.2,3.1,18.5,60,15.4,6.2,50.5,50,31.1,37,26.8,5,26.8,47.1,23.5,2.6,23.6,34.9,31.3,10.3,21,43.1,28.7,7.2,63.6,26.7,37.2,31.4,4.7,43.9,44.4,10.1,1.6,30.2,30.2,31.9,7.7,25.7,40.3,31.4,2.6,48.9,29.5,87,685
82,1,0,25,7,4,63,42.700001,12,2,18.4,39.9,29.7,12,7.5,41.3,40.3,10.8,22.8,30.7,35.4,11,13.4,44.9,27.6,14.2,42.3,44,27.4,38.5,31.9,2.2,21.9,38.8,28,11.4,40.3,31,25.6,3.1,26.7,40.5,29,3.8,50,25.5,40.8,33.7,0,22,48.3,23.7,5.9,28.4,33.3,28.4,9.8,22.1,28.3,47.8,1.8,74.7,46.4,79.4,686
83,1,0,29,4,2,64,39,10,2,22.1,35.3,32.6,10,9.1,39.8,38.5,12.6,21.6,30.4,35.2,12.8,16.1,46.9,21.5,15.5,44.1,53.3,23.9,34.1,36.5,5.5,15.5,38.1,34.4,11.9,26.3,33.8,30.5,9.3,17.6,42.5,30.5,9.3,63.7,18.6,37.6,39.5,4.2,14.3,32,43,10.7,27.7,25.2,36.1,10.9,16.3,28.1,43.3,12.3,61.5,29.3,83.7,687
84,3,0,21,3,3,69,28.1,8,3,14.5,34.7,39,11.8,4.1,29.5,47.9,18.5,14.6,31.9,38.5,15,13.1,43.4,29.9,13.7,59.5,57.6,16.9,34.1,41,8,10.7,37.6,37.7,14,22.3,32.4,35.5,9.7,12.2,43.4,33.7,10.7,70.2,11,33.7,44.3,11,22.7,36.1,31.8,9.5,23.5,24.7,40.4,11.3,8.5,19,52.4,20.1,68.3,37.4,87.5,688
85,2,0,53,12,8,24,35.799999,12,2,22.6,38.1,31.3,8,17.2,42.7,32.8,7.3,24.8,33.4,32.2,9.7,22.3,45.9,23.6,8.2,44.9,53.7,25,38.3,31.7,5,22.8,44.4,25.5,7.3,33.3,30,29.9,6.8,27,44.3,24.1,4.6,68,20.4,36.9,36.8,5.9,43.1,37,17,2.8,25.7,26.2,36.2,12,23.2,34.5,31.7,10.6,57.1,37.2,85,689
86,0,0,38,1,3,58,40.299999,11,0,17.4,37.2,39.3,6.1,6.9,34.8,45.3,13,9.6,19.3,51.8,19.3,10.8,39.8,34.9,14.5,47.6,63.9,27.3,41.6,27.7,3.4,13,40.8,35.7,10.5,32.1,28.2,30.8,9,19.2,35.9,39.7,5.1,57.5,21.6,38.1,30.9,9.3,18.8,43.5,25.9,11.8,11,31.5,45.2,12.3,27.4,29.5,36.8,6.3,48.9,39,84.6,690
87,1,0,26,16,8,49,37.700001,12,7,28.9,40,25,6,13.7,47.2,30.9,8.2,26.1,31.9,27.2,14.9,20.7,51.4,18.5,9.4,41.7,48.8,24,40.7,32.1,3.2,15.8,46.6,30.5,7.1,35.2,27,31.3,6.4,21.9,36.5,34.3,7.3,58.5,21.4,37.8,37.3,3.5,32.3,40,22.8,4.9,28.1,28.9,34.1,8.8,5.6,18.1,51.4,25,61.9,23.2,92.4,691
88,1,0,22,10,5,62,27.6,13,4,11.3,34.9,40.5,13.4,5.4,29.6,45.8,19.2,14.6,31.3,36.1,18,10.4,46,30.9,12.6,61.7,59.6,16.6,32.9,42.3,8.3,9.3,31.6,42.7,16.4,13.6,25.4,41.5,19.6,9.1,38.3,36.7,15.9,72.1,15.6,32.4,41.9,10.1,14.6,34.3,37,14.1,16.2,22.6,40.7,20.5,16.6,29.1,41.9,12.3,56.4,48.1,92,692
89,1,0,1,8,3,87,28,15,3,17.5,36.1,33.1,13.4,13.6,35.6,37.5,13.2,12.3,23.9,44,19.8,9.1,44,30.8,16,54.7,62.2,23,34,36.1,7,20.1,37.8,31.9,10.3,34.2,32,24,9.8,15.9,37.6,31,15.5,67.5,18.1,34.4,36.7,10.7,24.2,33.7,34.3,7.8,13.9,21.5,38,26.6,12.9,19.3,53.2,14.6,74,43.6,90,693
90,1,0,81,9,2,7,53.299999,10,5,51.4,33.4,14.2,0.9,45.7,40.7,12.6,0.9,33.7,36.5,22.1,7.7,31.7,52.9,11.5,3.8,26.2,28,61.7,28,9.5,0.8,56.8,37.1,6.1,0,58.8,23.5,13.7,3.9,64.7,26.5,8.8,0,29,49.6,31,18.6,0.9,77.1,17.4,4.6,0.9,75.2,18.3,6.4,0,64.5,28,7.5,0,36.8,21.7,86.9,694
91,2,0,9,11,5,73,33.200001,16,7,17.9,35.3,34.5,12.3,7.4,32,45.4,15.1,14.2,29.6,39.5,16.7,10.8,50.1,24.1,15,53,58.6,23,32.5,35.7,8.7,10,31.1,40.2,18.7,18.9,20.6,43,17.5,16.2,35.7,35.4,12.8,64.5,15.6,26.8,47.2,10.3,22.9,38.2,30,8.9,23.1,24.6,38.9,13.5,20,29.4,37.3,13.3,57.7,35.5,90.4,695
92,1,0,34,12,2,52,41.799999,11,4,25.6,41.2,26.3,6.8,26.9,46.4,22.1,4.5,28,28,32.7,11.2,30.8,41.1,18.7,9.3,42.5,48.1,25.9,37.1,35.3,1.7,22.7,47.6,26.2,3.5,44.4,35.8,19.8,0,28.4,33.3,33.3,4.9,53.5,29.3,28.5,32.5,9.8,54.3,34.6,9.9,1.2,41.3,28.7,27.5,2.5,32.1,28.4,33,6.4,76.5,62,92.8,696
93,0,0,55,5,4,36,51.799999,14,2,35.7,36.7,24,3.5,23.3,44.1,26.6,6,44,30.7,20.4,4.9,32.7,51.8,12.3,3.2,30.1,40.4,40,35.7,22.7,1.6,32.9,44.9,19.2,3,52,26,20.8,1.2,31.7,41,22.1,5.2,40.7,29.7,37.1,31,2.3,35.3,40.1,21.4,3.2,33.5,26.8,34.4,5.4,37.7,33.2,23.9,5.2,50.6,44.5,76.5,697
94,1,0,42,3,5,49,43.799999,13,0,41.4,36.6,20.4,1.6,23.6,50.2,22,4.2,44.4,28.7,20.4,6.5,37,55.6,6.5,0.9,24.7,39.8,30.6,46.8,21.5,1.1,27.1,48.6,20.4,3.9,26.2,39.3,32.1,2.4,27.4,40.5,19,13.1,44.9,27.1,48.6,24.3,0,39.6,46.9,12.5,1,31.3,23.2,36.4,9.1,26.5,34.5,35.4,3.5,67.8,57.4,77.2,698
95,1,0,58,3,4,34,44.5,20,1,36.1,40.3,21.7,1.9,23.8,49,24.6,2.6,40.7,34.3,21.3,3.7,31.5,47.7,16.7,4.2,34.3,43.6,37.1,35.6,25.4,1.9,31.6,43.9,21.4,3.1,43.8,33.1,20.2,2.8,39.3,44.9,14,1.7,50.3,40.1,36.8,23,0,46.8,36.8,14.2,2.1,23.8,9.5,57.1,9.5,40.6,36.3,21.3,1.9,42.4,32.4,83.8,699
96,1,0,38,2,2,57,46,13,1,32.9,36.6,26.4,4.2,24.5,42.1,31,2.3,46.4,34.5,15.5,3.6,27.4,58.3,11.9,2.4,39.7,32.6,40,35.8,22.6,1.6,28.9,43.7,21.6,5.8,55.9,33.9,8.5,1.7,18.6,49.2,25.4,6.8,51.7,27.1,41.4,28.6,2.9,46.5,27.9,24.4,1.2,46.3,24.4,26.8,2.4,41.3,34.7,22.7,1.3,52.1,25.9,83.3,700
97,1,0,59,7,1,32,54.299999,10,2,35.4,37.3,22.8,4.5,26.6,38.1,29.4,5.9,50.9,29.4,15.3,4.3,26.4,53.4,16,4.3,42.1,39.2,37.8,36.1,24.9,1.2,21.6,47.9,26.5,4,40.5,42.4,14.6,2.5,38.6,47.5,12,1.9,48.8,19.7,24.2,56.1,0,29.2,43.4,23.9,3.5,51.3,27.4,19.7,1.7,20.9,21.5,55.9,1.7,52.5,46,96.2,701
98,1,0,24,3,3,69,38.200001,14,1,14.2,35.8,40.8,9.2,5.8,35.3,46.4,12.4,16.4,29.2,39.8,14.6,13.1,51.5,26.6,8.8,64.4,64.4,20.2,34.5,36.7,8.6,13.6,35.2,36.1,15,16.9,21.5,43.5,18.1,11.2,25.9,40.5,22.4,74.2,13.9,32.2,38.8,15,21.8,32.8,29.7,15.8,21.3,20.3,36.8,21.6,17.9,26.1,41.1,15,70.3,45,84.8,702
99,1,0,32,14,4,49,55.900002,11,5,35.9,38.4,22.2,3.5,26.3,51.5,19.2,3,36.4,37.9,22.7,3,43.9,43.9,6.1,6.1,30.9,38.9,25.1,48.2,20.6,6,27.6,46.7,21.6,4,34.7,27.8,26.4,11.1,27.8,45.8,23.6,2.8,64,43.2,27,27,2.7,47,41,12,0,37.5,31.3,21.9,9.4,21.1,28.2,45.1,5.6,55.8,38.5,89.3,703
100,1,0,26,6,3,63,29.5,11,3,16.2,36.2,34.2,13.4,8.4,36,41.2,14.4,15,35.2,34.8,15,9.3,42.1,27.9,20.6,52.6,61,16.9,29.9,41.3,11.8,14.7,39.1,31.7,14.5,26.5,24,36.8,12.7,12.3,30.4,41.2,16.2,75.1,14.9,29.2,42.6,13.4,23.8,42.7,26.8,6.7,25.5,30.4,32.8,11.3,19.6,33.2,36.2,11.1,69.7,74.4,89.7,704
101,0,0,0,25,1,74,29.299999,10,14,31.3,34.8,27.8,6.1,15.5,41.1,36.9,6.5,26.2,33.4,30.9,9.5,20.7,50.9,21.4,6.9,38.7,47.1,30.3,34.6,31.3,3.7,20.2,37.9,31,10.9,23.1,28.1,35.3,13.5,17.5,34.9,35.3,12.3,58.6,19.8,33.9,43.2,3.1,34.3,38.7,22.6,4.4,31.7,26.7,33.3,8.2,20.2,28.2,46.9,4.7,63.5,42.9,92.7,705
102,3,0,58,9,5,25,40.200001,15,4,30,35.2,26.8,8,25.4,42.4,25.7,6.5,34.3,30.3,26.5,8.9,26.4,45.9,18.7,8.9,40.7,52.8,32.5,33.7,27.7,6,29.9,36.8,23.8,9.4,40.9,29.1,23.5,6.5,29.1,39.5,25.1,6.3,58,24.3,33.5,33.3,8.9,39.1,34.5,20.9,5.6,34.5,20.9,34.6,10,28.4,31.5,32.4,7.7,49.5,45,88.9,706
103,1,0,56,9,4,30,40,13,5,27,34.5,31.3,7.3,21.5,40.9,30.9,6.6,37.5,35,22.9,4.7,28.7,48.7,17.3,5.4,42.5,47.7,30.1,37,28.3,4.5,28.6,41.4,24.1,5.9,38.7,29,25.3,7,26.6,42.7,24,6.6,57.9,19.5,36.9,37.5,6.1,40.2,39.9,17.4,2.5,28.5,27.3,36,8.2,24.5,34.7,33.6,7.2,50.8,50.4,87,707
104,6,0,4,8,3,79,9,11,5,9.6,22.4,41.5,26.5,4.4,23.4,42.7,29.6,10.6,22.4,39.3,27.7,6.3,33.2,32.3,28.2,68.6,78.8,10.9,24.1,46.3,18.6,6.3,24.8,40,28.9,12.1,26.3,38.4,23.2,8,25.4,36.6,30,83.2,4.5,20.4,48.5,26.6,6,22.6,45.3,26.2,9.1,15,44.9,31.1,5.4,15.5,46.7,32.4,83.3,71.5,94.3,708
105,2,0,17,10,5,66,32.700001,13,6,22.6,40.6,31.1,5.8,10.8,34.1,41.2,13.8,48.4,27.7,19.5,4.4,24.7,62.7,12.7,0,52.6,45.7,18.8,35.8,37.2,8.1,8.5,31.5,39.4,20.6,23.6,41,28.7,6.7,13.3,33.9,40.6,12.2,74.5,16.9,34.5,39.4,9.2,24.6,37.1,28.1,10.2,20.4,16.8,49.7,13.2,14.3,36.8,36.8,12,69.8,34.2,90.9,709
106,1,0,24,9,5,61,19.1,14,3,17.9,35.3,36.4,10.4,12.4,37.7,38,11.9,24.3,32.5,33.8,9.4,17.7,52.3,22.3,7.7,50.3,59.5,18.6,36.8,38.5,6.1,11.6,39.2,36.2,13,17.7,26.9,38.4,16.9,12.4,34.5,37.6,15.4,58.6,15.9,37.5,39.7,6.9,29.4,41.2,24.8,4.6,28.8,26.9,33.4,10.9,12.1,25.1,46.5,16.3,56.1,38.8,86.3,710
107,1,0,51,15,3,31,46.299999,12,8,34.7,39,20.8,5.6,21.8,51,23.8,3.3,38.8,31.1,23.4,6.6,35.5,46.2,15,3.3,40.5,41.8,35.4,37,24.7,2.8,29.4,39.9,25.9,4.8,33,26.6,33.5,6.9,24.8,36.7,31.2,7.3,55.1,22.6,46.2,24.8,6.4,28.9,49.3,17.4,4.4,32.6,31.4,33.1,2.9,18.2,35.9,39.4,6.5,53.4,87,81.3,711
108,1,0,1,6,2,91,24,14,2,29.1,33.1,30.6,7.2,17.3,38.1,34,10.7,30.6,28.9,28.6,12,25.7,47.5,19.5,7.3,46.9,48,26.3,37.1,30.5,6.1,18,39.1,31.3,11.6,45.7,29.3,20.1,4.9,28,39.5,26.6,5.9,61.2,19.3,33.9,39.8,7,29.4,36.5,30.2,3.9,22.6,24.6,34.2,18.6,23.3,26.9,38.7,11.2,66.9,50.2,95.7,712
109,1,0,9,8,3,79,33.200001,11,5,9.4,35.2,40.6,14.9,4,24.8,47.1,24.2,11.4,29.9,43.5,15.1,7.7,46.5,27.3,18.5,57,63.8,12.3,30.6,48,9.1,7.6,35.5,43.1,13.8,13.1,26.3,41.2,19.3,9.1,35,38.7,17.2,77.1,15.6,28.1,46.8,9.5,9.6,33,40.8,16.5,17.4,24.3,44.9,13.4,11.4,29.1,53.6,5.9,66.2,55.1,90.8,713
110,1,0,8,2,2,88,20.9,9,0,17.2,35.9,39.2,7.6,11.7,42.3,38.4,7.7,24.5,28.6,38.2,8.7,19.2,54.2,23.3,3.3,60.7,55.6,20.3,37.1,37.4,5.2,11.5,44.1,38.2,6.3,20.8,41.2,34.1,3.9,14.1,39.2,34.5,12.2,69.6,17.1,36.4,40.8,5.7,26.4,45.5,25.4,2.7,26.5,28.2,37.6,7.7,22.3,36.1,38.7,3,61.9,47.3,87.7,714
111,0,0,14,22,5,59,42.200001,14,9,29.9,36.6,26.6,7,20.3,42.8,30,6.9,35.6,30.7,25.5,8.2,20.9,51,18.9,9.3,39.1,50,32.8,35.9,28.3,3,23.3,39.3,29.8,7.5,41.3,39.5,17.8,1.5,34.4,45.3,19,1.3,39.9,19.6,31.5,44.7,4.1,29.2,44.5,21.1,5.2,33.2,25.1,33.2,8.4,23.6,24.8,44.8,6.8,62.9,38.4,80.5,715
112,1,0,40,7,3,48,49.799999,13,4,26.8,39.9,27.1,6.2,20.6,45.1,28.1,6.2,42,37,18,3,31,56,12,1,29.6,41.7,31.9,39.9,24,4.2,25.1,43.3,24.7,6.8,22.7,33.3,30.7,13.3,20,53.3,21.3,5.3,63.6,25.5,43.6,29.8,1.1,30.6,44.9,22.4,2,0,41.7,37.5,20.8,29.6,34.7,32.7,3.1,63,51.2,90.5,716
113,1,0,37,14,4,45,46.5,16,8,24.4,45.3,27.4,2.9,12.2,46,36.2,5.6,23.3,31.6,34.5,10.7,15.1,45.9,26.8,12.2,46.6,45.5,24.9,40.4,30.8,3.9,13.2,48.2,31.8,6.9,27.6,38.7,29.8,3.9,7.2,40.9,37.6,14.4,57.6,17.7,38.7,38.1,5.5,21.8,52,23.8,2.5,22.6,30.7,37.3,9.4,37.1,30.3,30.9,1.7,59.5,47.2,92.6,717
114,0,0,72,0,4,24,57.099998,15,0,58.5,35.4,6.2,0,43.1,44.6,12.3,0,60,33.3,6.7,0,33.3,60,6.7,0,14.8,26.7,47.1,30.9,20.6,1.5,47.1,41.2,11.8,0,40,45,15,0,40,50,0,10,35,63.6,27.3,9.1,0,75,17.5,7.5,0,73.1,15.4,11.5,0,72.7,13.6,9.1,4.5,25,60.9,95.7,718
115,0,0,1,18,2,79,32.900002,13,7,24.6,35.3,32.7,7.4,12.8,36.8,41.4,8.9,21.7,37.7,33.7,6.9,8,56.8,25,10.2,50.9,53.9,21.4,35.8,36.4,6.4,8.4,28.6,44.7,18.3,18.6,28.7,37.8,14.9,16.5,31.9,32.4,19.1,64.7,12.5,33.1,44.9,9.5,5.1,19,62,13.9,14.6,31.1,43.7,10.7,11,35.9,37.9,15.2,63.3,52.1,94.4,719
116,0,0,96,1,2,2,65.699997,14,0,35.9,47.3,15,1.8,23.4,52.7,22.2,1.8,61.9,27,11.1,0,55.6,34.9,9.5,0,36.8,23.1,57.4,32.7,9.3,0.6,45.7,38.9,13.6,1.9,81.5,14.8,3.7,0,55.6,35.2,9.3,0,34.5,47,37.9,15.2,0,75.5,20.4,4.1,0,78.1,14.1,7.8,0,83.6,9.8,6.6,0,53.1,43.1,83.1,720
117,1,0,74,5,3,17,51.799999,11,2,37.9,36.8,20.9,4.4,30.1,42,22.4,5.5,48.1,30.9,16.1,4.9,39.8,46.2,10.8,3.2,33.1,39.4,39.5,34.2,22.7,3.6,39.8,39.5,17.1,3.6,54.9,26.8,15.1,3.1,37.9,39.8,17.1,5.1,49.5,35.2,39,22.2,3.5,57.7,30.9,10.2,1.3,38.5,22.9,30.7,7.9,43.5,31.5,20.1,4.9,42.1,37.3,77.7,721
118,2,0,67,15,3,13,39.299999,11,7,22.2,38.1,33.1,6.7,15.6,45.6,32.3,6.5,23.2,32.9,33,10.9,16.3,51,25.1,7.6,43.4,57.4,27.7,38.4,29.8,4.2,24,43.1,27,5.9,33.1,35.1,26.6,5.2,21.5,41.7,28,8.9,60.8,28,35.7,31.6,4.6,34,41,23.3,1.7,36,23.1,32.4,8.5,33.2,32.9,27.4,6.5,53.4,47.3,81.8,722
119,2,0,16,4,1,77,25.6,10,0,9.6,41.1,39.3,10,6.3,38.5,40,15.2,11,22,36.3,30.8,5.5,44,24.2,26.4,62.1,63,19.7,36.1,38.8,5.5,11.2,39.7,38.2,10.9,23.1,30.6,38.9,7.4,10.3,40.2,37.4,12.1,71.7,24.2,31.9,35.2,8.8,14.1,42.4,34.8,8.7,25.3,33,28.6,13.2,11.6,31.3,49.1,8,82.8,75.2,97.3,723
120,1,0,47,3,3,47,46.5,17,1,34.5,38.8,21.1,5.6,12.9,48.6,31.5,7.1,35.9,34.1,24.7,5.3,27.6,46.5,17.6,8.2,41.6,38.5,33.2,36.3,26.9,3.6,21.8,39.7,31.1,7.4,27.8,29.3,29.3,13.5,20.5,46.2,25,8.3,60,23.4,37.9,33.1,5.5,24.7,41.8,26.7,6.8,25.2,30.5,31.1,13.2,8.6,21.1,44.1,26.3,74.8,26.5,81.6,724
121,1,0,41,2,4,52,50.400002,8,1,20.4,34.6,35.5,9.4,15.4,47.8,28.3,8.5,24.6,31.4,26.3,17.8,18.6,52.5,19.5,9.3,55.1,52.9,27.8,29.9,34.9,7.5,26.4,34.8,30.3,8.4,55.5,23.6,19.1,1.8,34.9,44.3,17.9,2.8,55.1,23.8,39,32.4,4.8,27,40.9,25.2,7,34.2,25.4,29.8,10.5,33.7,37.9,18.9,9.5,67.3,42.1,88.3,725
122,1,0,47,8,5,39,44.700001,11,5,35.1,37.4,23.1,4.4,24.8,43.1,26.1,6,36.6,29.8,26.4,7.2,34.7,47.5,14.4,3.4,31.8,40.9,35.6,36.4,24.2,3.8,30.1,43,21.1,5.7,47.2,25.1,22.3,5.4,31.2,41.2,22.7,4.9,54.9,38.1,34,26,1.9,52.7,35.7,9.8,1.8,47.1,23.1,24,5.8,36.6,30.5,29.5,3.4,47.8,33,85.4,726
123,1,0,13,4,7,74,39.700001,14,2,23.3,39.5,29.6,7.7,16.2,43.7,32,8.1,24,31.9,30.7,13.4,19.9,46.8,20.2,13.1,49.1,46.3,23.2,41.6,30.8,4.4,13.3,46,32.7,8.1,22.5,27.9,39.9,9.8,12,33.5,37.5,17.1,68,17.9,39.9,38.1,4.1,21.5,35,34.1,9.3,23.5,2,41.2,33.3,22.7,30.9,37.5,8.9,68.9,49.8,89.7,727
124,0,0,95,0,1,4,61.400002,12,0,38.9,46.9,13.3,0.9,19.5,53.1,23.9,3.5,45.2,45.2,9.5,0,28.6,61.9,9.5,0,29,27.9,28.7,47.5,21.8,2,19.2,58.6,16.2,6.1,55.3,34.2,10.5,0,52.6,31.6,15.8,0,42.1,26.7,60,13.3,0,14.8,70.4,14.8,0,17.6,35.3,44.1,2.9,26.5,50,17.6,5.9,41.2,30.4,96.2,728
125,1,0,72,11,2,14,57.200001,12,7,42.1,38.1,17.6,2.3,34,48.4,16.4,1.1,44.7,35.2,18.6,1.5,39.3,47,12.1,1.5,25.8,32.6,43.1,36.6,18.9,1.5,29.8,44.2,22.4,3.6,52.8,26.5,16.8,3.9,46.9,37.9,13.6,1.6,42.2,31.9,43,22.3,2.8,48,35.6,13.3,3.1,27.2,31,37.5,4.3,36,36.8,23.3,3.9,57.7,47.8,88.6,729
126,0,0,91,0,0,9,52.599998,13,0,55.9,33.9,10.2,0,50.8,40.7,8.5,0,42.1,36.8,18.4,2.6,52.6,42.1,5.3,0,16.7,26.3,32.6,49.5,17.9,0,32.3,53.1,14.6,0,20.6,32.4,38.2,8.8,45.5,39.4,12.1,3,42.4,21.4,67.9,10.7,0,51.5,42.4,6.1,0,31.3,50,18.8,0,25.9,55.6,18.5,0,53.1,22.2,95,730
127,1,0,25,19,3,52,45.5,13,9,44.3,34.1,19.1,2.4,21.6,42.7,29.8,5.9,47.8,22.8,23.2,6.3,38.6,43.4,14.3,3.7,34.2,29.7,31.5,35.1,29.4,4.1,15.9,34.4,35.1,14.6,30.4,32.2,29.3,8.1,18.5,37,36.7,7.8,59.9,22.7,34.8,40.8,1.7,24.9,50.6,20.8,3.8,33.3,27.2,29.7,9.8,23.2,27.4,39.7,9.7,61.2,33.9,84.3,732
128,1,0,41,2,1,55,41.700001,11,1,34,41.1,22.5,2.5,22.1,47,27.7,3.2,33.7,33.7,21.7,10.9,31.5,51.1,12,5.4,36.6,36.7,33.3,41.1,24.5,1.1,28.4,46.1,22.3,3.2,25.5,38.3,31.9,4.3,19.1,41.5,31.9,7.4,44.9,31.5,30.4,38,0,43.8,40,13.3,2.9,41,24.6,27,7.4,40.7,26.4,30.8,2.2,50.6,28,85.7,733
129,1,0,41,6,3,49,51.700001,9,3,31,40,24.3,4.6,16.2,47,30.4,6.4,33,32.1,26.6,8.3,29.4,51.4,16.5,2.8,39,35.1,34.2,31.8,31.8,2.2,18.8,38.9,31.3,11.1,23.9,37.6,30.8,7.7,23.1,41.9,24.8,10.3,69.1,26.7,38.3,30.8,4.2,24.4,49.6,23.5,2.5,28.9,26.7,36.3,8.1,36.1,26.9,28.7,8.3,76.7,37.4,78.3,734
130,0,0,93,2,0,5,73.900002,12,1,35,46.9,16.5,1.7,29,54.8,15.8,0.3,50,32.7,16.3,1,37.5,48.1,13.5,1,25.5,30,40,39.3,19.3,1.4,35.7,49,15.3,0,46.7,29.3,22.8,1.1,43.5,44.6,12,0,40,35.5,48.4,16.1,0,36.8,46,13.8,3.4,48,30,20,2,59.8,36.8,3.4,0,41.4,6.7,91.4,735
131,1,0,35,7,3,54,40.799999,16,2,29.1,39.1,26,5.9,25.9,42.9,24.8,6.3,39.5,26.3,24.7,9.5,25.4,50.1,17,7.5,40.9,41,33,35.6,27.4,4,25.4,42.4,27.9,4.3,24.7,35.2,34.7,5.5,22.9,38.8,23.6,14.7,57.6,27.6,35.9,32.6,3.9,32.9,48.1,17.7,1.4,29.4,29.1,33.8,7.8,33.3,29.8,31.1,5.7,64,41.9,90.9,736
132,1,0,35,19,2,42,44,10,12,26.4,36.6,25.4,11.5,15.6,42.7,31.1,10.6,44.3,25.5,21.6,8.6,39,36.8,15.1,9.1,47.3,44.6,32.3,36.9,26.6,4.2,23.7,46.2,23.4,6.6,49.3,31.1,16.6,2.9,28.8,45.9,21.4,3.9,54.8,28,30.1,34,7.9,25,39.3,30.6,5,24.6,28,37.5,9.9,22.2,25.9,37.9,14,63.4,57.1,85.3,737
133,0,0,18,26,5,50,54.299999,14,14,31.4,31.7,29.4,7.5,11.1,34.8,42.1,12,25.1,26.5,33.6,14.8,16.6,40.8,25.1,17.5,42.8,41.4,34.5,37,25.8,2.7,24.9,47.4,23.6,4.1,41.8,36.9,18.7,2.7,26.2,40.9,28.9,4,54.7,35.5,36.5,27.5,0.5,55.7,34,9.4,0.8,39.3,29.7,26.8,4.2,28.4,25.4,41.6,4.6,55.5,34.5,87.6,738
134,2,0,1,5,1,91,28.5,13,1,14.4,41.6,36.4,7.7,9.1,37.3,42.1,11.5,17.4,29,44.9,8.7,2.9,55.1,39.1,2.9,58.3,59.7,14.3,40.7,36.8,8.2,7.4,40.2,42.4,10,20.3,33.8,32.4,13.5,10.8,39.2,31.1,18.9,65.6,12.4,35.1,43.3,9.3,17.6,43.2,33.8,5.4,13.8,27.5,38.8,20,17.3,29.6,40.7,12.3,83.2,26.7,97.7,739
135,0,0,40,2,4,54,46.700001,14,1,30.7,39.4,23.6,6.3,18.9,45.3,28.3,7.5,50,31.6,18.4,0,39.5,44.7,10.5,5.3,44.2,43.4,37,37.9,24.3,0.8,33.7,37.9,20.2,8.2,47.7,30.2,18.6,3.5,45.3,40.7,14,0,55.8,19,43,32.9,5.1,44.3,37.7,18,0,42.4,33.9,20.3,3.4,53.2,29,17.7,0,40.3,39.4,84.8,740
136,2,0,43,6,4,44,35.599998,9,5,35.2,33.6,26.1,5.1,18.3,42.6,31.3,7.8,37.5,27.2,25.1,10.3,28.7,47.1,17,7.3,37.8,46.9,35.7,36,25.2,3,26.9,40.6,25.1,7.5,45.2,30.9,21.5,2.5,33.4,44.2,18.9,3.5,53.5,27.3,37.9,29.7,5,28.4,41.2,22.3,8,28.3,25.6,33.1,13,29.2,28.5,34.8,7.5,48.4,43.9,84.1,741
137,1,0,63,6,2,27,57.400002,13,3,36.3,35.9,24,3.8,22.1,44.7,28.6,4.6,54.6,21.6,18.6,5.2,40.2,51.5,7.2,1,37.7,28.7,44.7,41.1,13.4,0.8,41.5,43.1,15,0.4,64.2,27.2,8.6,0,53.1,40.7,6.2,0,48.1,47.1,36.8,13.2,2.9,68.4,28.4,3.2,0,52,22.2,24,1.8,68.9,18.9,12.2,0,63.2,50.5,84.1,742
138,1,0,0,5,2,92,23.9,14,1,8.6,39.7,41.5,10.2,5.4,37.8,44.1,12.7,16.6,41.7,32.7,9,14.3,52.9,23.3,9.4,68.8,64.7,15.6,34,41.2,9.2,8.9,32.2,44.3,14.7,14.2,33.5,36.7,15.6,9.6,34.4,41.7,14.2,65.7,4.6,32.6,56.5,6.3,8.7,22.3,48.1,20.9,15.3,14.8,45.4,24.5,13.1,25.3,51.9,9.7,89.6,44.8,97.5,744
139,1,0,35,3,4,56,42,13,1,32.7,39.3,24.6,3.4,15.4,46.7,31.9,6,34.9,31.6,25.9,7.6,21.3,48.8,20.9,9,38,43.2,26.4,38.2,31.3,4.1,15.9,40,35.8,8.4,35.7,30.1,27.9,6.3,23,44.2,28.6,4.1,52.1,17,31.9,45.9,5.2,39.5,37.1,19.4,4,28.4,27.5,38.6,5.6,19,33.8,38,9.2,56.7,48.9,87.1,745
140,0,0,6,3,5,85,30.4,17,1,25.2,36.9,28.7,9.2,19.2,44.5,29.8,6.5,23.5,31.5,34.9,10.1,18.8,50.5,22.6,8.1,48.1,47.3,29.2,39.2,28.2,3.5,20.5,42,31.9,5.7,28,34.9,31.3,5.9,19,41.4,31,8.5,58.2,22.7,38.5,32.7,6.1,32.8,38.3,23.6,5.3,30,28.2,32.4,9.4,21.1,28.4,38.2,12.3,48.7,26.2,88,746
141,2,0,23,7,3,65,27.4,9,4,20.1,31.6,37.2,11.1,12.8,34.4,39.8,13,24.8,30.9,33.3,11,16.1,47,25.7,11.2,55.2,59.6,23.9,31.7,36.9,7.5,15.7,35,34.7,14.7,25.7,27.9,35.5,10.9,16.8,37.6,34.1,11.5,65.3,17,34.8,38.3,9.9,18.2,38.4,34.4,9,23.7,22.1,41,13.2,17.6,23.9,44.5,14,68.3,38.5,87.7,747
142,1,0,36,7,5,51,48.200001,17,3,12.4,42.7,34.9,10,6.8,47.3,37.1,8.8,17.4,35.7,37.9,9,11.2,53.7,26,9,52.8,58.6,18.8,38.8,37.1,5.3,14.1,47.2,29.3,9.3,25.7,35.2,28.1,11,19.3,47.7,24.4,8.6,67.9,17.3,35.7,39.8,7.1,16,43.5,29.2,11.2,20.1,27.5,45.4,7,20,30.1,44.9,4.9,66.7,40.2,89.7,748
143,0,0,91,0,2,7,67,12,0,41.4,43.2,14.2,1.2,26,58,14.8,1.2,49.2,23.7,27.1,0,37.3,47.5,13.6,1.7,17.9,40.7,31.8,48.8,18.6,0.8,22.5,55.8,19.4,2.3,33.3,33.3,31.5,1.9,22.2,44.4,31.5,1.9,51.9,26.7,43.3,26.7,3.3,27.9,51.2,20.9,0,28.9,28.9,34.2,7.9,16.7,22.2,61.1,0,51.7,48.3,87.9,749
144,0,0,64,2,4,30,49.5,12,1,31.5,38,25.5,5,23.9,43.3,28.4,4.3,39.2,32.8,22.8,5.2,24.8,51.6,19.2,4.4,35,41.5,32.3,39.8,25.1,2.9,20.3,45.5,27.4,6.8,36.3,31.8,28.7,3.1,25.1,46.6,26.5,1.8,50.5,31,38.4,27.2,3.4,34.5,37.9,23.6,3.9,39.1,20,26.2,14.7,43,26.6,24.2,6.3,44.1,42,95.2,750
145,1,0,22,9,4,64,40.700001,13,4,21.5,39.6,31.2,7.7,11.9,42.3,37.4,8.4,20.7,33.6,35,10.7,20.2,49.4,24.2,6.2,46.9,50.5,29,36.1,31.8,3.1,23.9,42.1,24.2,9.9,29.7,27,36.9,6.4,22,40.9,24.7,12.4,62.6,28.8,34.3,30.5,6.4,24.6,45.6,25.1,4.7,19.7,23,41.2,16.1,27.4,28.9,34.1,9.6,73.9,31.8,90.8,751
146,0,0,36,5,0,59,48.799999,13,4,21.6,41,32.2,5.3,11.5,53.3,32.2,3.1,24.3,29.7,39.2,6.8,23,47.3,27,2.7,39.4,58.2,33.3,34.6,30.7,1.3,28.5,32.9,30.7,7.9,55.8,31.4,11.6,1.2,34.9,50,15.1,0,47.8,48.4,35.9,14.1,1.6,27.7,47.7,20,4.6,47.6,20.6,27.8,4,30,28.6,34.3,7.1,59.7,34.5,84.1,753
147,1,0,2,5,4,89,30.1,14,3,16.4,31.3,39.1,13.3,8.8,31.3,41,18.9,16.4,24.8,44.4,14.3,14.7,40.9,28.3,16.1,57.7,62.4,23.5,33.4,37.5,5.5,14.4,34,36.4,15.2,24.5,24.2,40.1,11.3,14.9,42.4,29.8,12.9,58,9.7,35.9,44.3,10.1,13.7,39.6,41.8,4.9,11.7,17.4,50.4,20.6,12.6,27.2,45.9,14.2,73.1,44.5,88.3,754
148,1,0,1,43,3,51,20.200001,13,23,25.8,37.7,29.1,7.4,14.6,42.9,34.2,8.2,29.1,36,29,5.9,21.8,51.2,20.7,6.3,44,51.5,23.3,37.7,33.4,5.6,14.8,40.3,33.8,11.1,31.5,31.5,33,4.1,21.1,40.9,31.2,6.9,66.3,19.8,37.1,36.1,6.9,29.8,38.8,24.8,6.6,24.8,28.2,39.1,7.9,24.6,35.2,32.7,7.5,54.5,33.5,80.3,755
149,0,0,34,5,2,58,44.299999,11,1,22.1,39.5,32.4,5.9,6.3,43.1,36.4,14.2,21.3,39.3,30.3,9,22.5,42.7,25.8,9,48.1,56,29.6,34.4,31.9,4.1,15.9,40,31.1,13,25.8,21.6,39.2,13.4,29.9,40.2,21.6,8.2,56.6,31.3,26.6,42.2,0,20.3,41.8,31.6,6.3,30.8,33.3,29.5,6.4,33.9,30.5,33.9,1.7,62.9,43.8,93.7,756
150,1,0,51,8,6,34,48.599998,12,3,26.3,45,24.3,4.4,11.4,57,27.5,4.1,45.4,29.4,18.5,6.7,26.9,47.1,19.3,6.7,39.8,47.9,18,46,29.2,6.8,9.9,42.5,37.6,9.9,20.5,40.2,28.6,10.7,10.7,52.7,28.6,8,57.9,27.5,36.7,34.9,0.9,14.7,45,34.9,5.5,34.5,36.4,25.5,3.6,26.8,27.8,30.9,14.4,83.5,26.4,80.5,757
151,0,0,55,5,6,35,52.099998,10,3,31.9,41.6,22.4,4.1,18.3,42.6,30.9,8.2,33.3,38.2,22,6.5,27.6,57.7,13,1.6,29,45.6,33.4,39,23.3,4.2,21.7,44.4,25.2,8.7,15.9,27.3,44.3,12.5,20.5,47.7,22.7,9.1,56.2,36.3,23.1,36.3,4.4,36.8,39.6,20.8,2.8,47.5,31.7,14.9,5.9,43.3,31.7,18.3,6.7,70.7,33.6,91.8,758
152,1,0,34,2,3,60,46.299999,8,1,17,42.9,34.6,5.5,9.4,48.8,33.9,8,24.5,36.9,28.5,10,18.1,45,24.1,12.9,46.8,53.4,24,40.1,31.4,4.5,17.4,47.4,31.4,3.8,29,36.2,29.4,5.4,21.7,44.8,27.6,5.9,69.5,27.2,36.4,34.2,2.2,36.3,41.6,19.5,2.7,49.1,24.5,21.2,5.2,27.4,31.5,29.9,11.2,49.1,38.6,76.9,759
153,1,0,74,7,2,16,52.400002,11,5,34,29.6,25.6,10.8,24.4,36.9,26.6,12.1,38.5,26.2,23,12.3,30.5,38.5,17.9,13.1,40.2,46.3,34.1,31.6,27.2,7,32.2,36.3,21.1,10.4,43,26,22,8.9,32.1,36.6,22.6,8.7,55.2,30.9,34.5,25.9,8.7,49.2,30,15.3,5.5,46.1,21.5,22.2,10.1,35.4,29.6,26.9,8.1,43.7,48.7,79.9,761
154,2,0,6,1,2,89,13.2,9,0,9.2,28.3,44.4,18.1,2.7,22.1,47.7,27.5,8.2,15.2,46.2,30.4,8.2,38.6,36.4,16.8,73,65.3,11,32.2,47.6,9.2,2.7,19.2,42.9,35.1,7.5,19.7,41.6,31.2,9.8,32.9,36.4,20.8,81.2,11,29.8,46.1,13.1,4.5,32.7,46.2,16.7,12.4,21.2,46.5,20,13.1,27.2,44.5,15.2,78.2,58.9,98,763
155,3,0,11,29,4,52,15.1,9,18,11.2,25.4,38.4,25.1,6.5,21.8,40.3,31.4,12.1,21,38.4,28.5,7.8,26.3,32.8,33.1,69.1,69.6,10.9,23.4,46.7,19.1,4.9,18.1,40.2,36.7,10.7,18.6,41.4,29.3,9,23,36.2,31.8,78.3,4.6,25.1,49.8,20.4,1.6,19,50.9,28.5,7.7,13.1,49.9,29.3,8.6,22.6,50.7,18.1,81.5,67,93.2,764
156,2,0,6,36,3,52,23,8,18,23.4,33.3,34.2,9.1,14.2,36.7,37.3,11.7,33.2,36.1,25.9,4.7,21.1,52.5,20.4,6,51.5,59.6,33.2,35.2,28.4,3.2,18.6,35,34.4,12.1,31.3,27.9,35.3,5.5,37.4,39.3,20.2,3.1,51.5,20.5,26.7,45.1,7.6,26.8,42,26.1,5.1,34.8,30.7,28,6.5,23.2,30.9,36.3,9.7,67.2,54.7,97.6,765
157,1,0,33,21,5,40,28.9,11,8,25.4,33.6,30.9,10.1,15.5,41.5,31.6,11.3,20.5,28.4,32,19.1,13.2,42.4,25,19.4,42.2,55.1,24.4,35.5,33.4,6.8,16.6,36.2,32.7,14.4,33.6,34.1,25.9,6.3,26.5,43.1,25.1,5.3,64.3,18.1,36.8,36.5,8.6,12.2,35.5,38.9,13.4,11.1,20.5,42.5,25.9,16.7,26.3,44.2,12.9,64.5,57.5,89.4,766
158,2,0,23,20,5,51,23.9,9,14,19.5,34.4,33.7,12.4,13.2,36.9,37,12.9,26.2,36.4,29.5,7.8,16.3,47.3,26.5,9.9,53.5,57.2,21.6,32.9,37.5,8,14.7,34.2,34.7,16.4,22.3,27.6,36.6,13.5,12.4,31.3,38.4,17.9,70.6,11.7,36.7,41.3,10.3,14.2,34,39.7,12.1,26.4,17.3,40.2,16.2,17.5,30.4,40,12.1,53.6,57.2,91.3,767
159,1,0,0,2,2,95,11.3,7,0,11.3,34.8,41.8,12.1,6,41.8,44.3,7.8,19.2,32.3,38.4,10.1,18.2,50.5,24.2,7.1,54.9,67.3,10.9,36.9,47.4,4.8,6,35.3,42,16.6,21.1,43,31.6,4.4,11.4,43,39.5,6.1,54.8,5.5,26.8,55.1,12.6,15.7,41.3,41.3,1.7,9.1,15.5,55.5,20,8.7,33.7,36.5,21.2,87.2,57.7,99,769
160,1,0,11,13,6,70,27.4,12,8,9.6,37.5,38.4,14.5,7,27,45.6,20.3,11,27.1,39,22.9,10.2,37.3,36.4,16.1,68,57.9,17.2,30.2,45.7,6.9,10.1,40.6,36.3,13,16.8,30.3,38.7,14.3,11.8,36.1,39.5,12.6,77.9,12,28,52.8,7.2,22.2,40.3,27.1,10.4,18.2,24.2,44.4,13.1,19.4,30.6,37.9,12.1,67.4,37.2,93.7,771
161,2,0,5,70,3,21,18.1,9,27,27.5,37.6,27.6,7.2,19.4,42.3,29.9,8.5,38.5,33.2,22.8,5.5,28.8,50.9,16.1,4.2,41.2,46.9,33,36.7,26.4,3.8,20,43.3,28.7,7.9,40.3,29,26.6,4.1,34.9,40.1,20.9,4.1,56.8,26.5,38.2,28.7,6.5,37,37,19.3,6.6,49,16.5,21.8,12.6,30.1,30.6,29,10.3,62.3,42.7,78.9,772
162,3,0,21,4,7,64,9.1999998,8,3,10,19.1,42.1,28.9,8.3,21.9,43.9,25.9,17.6,23.5,35.4,23.5,8.6,34.3,30.4,26.6,76.4,81.1,10.1,21.8,46.2,21.9,8.1,25.8,37.8,28.4,10.2,18.1,40.8,30.9,8.4,34.6,37.4,19.6,88.8,8.3,18.6,46.9,26.3,11.9,21.4,38.6,28.1,10.2,12.2,38.8,38.8,9.9,21.2,43.5,25.5,78.4,98.6,95.4,773
163,1,0,91,2,2,4,72.300003,11,1,38.1,41.4,18.6,1.9,15.9,55,27.2,1.9,48.5,33.9,16.4,1.2,18.2,58.8,16.4,6.7,31,33.3,34.8,43.2,20.5,1.4,20.3,53,23.2,3.6,53.3,32.1,13.1,1.5,27.7,45.3,21.2,5.8,53,38.4,41.5,18.9,1.2,39,41.9,16.2,2.9,50.8,29.7,16.1,3.4,45.9,35,18.5,0.6,42.7,30.1,90.2,774
164,3,0,18,61,3,15,34.799999,9,40,40.7,33,22.2,4,25.9,43.4,26,4.7,44.7,32,19.3,3.9,28.5,51.7,15.1,4.7,30.5,40.1,40,34.1,23.3,2.6,36,37.7,20.5,5.9,50.5,27.6,18.8,3.2,31.1,35.9,24.4,8.6,36.2,35.9,33.6,27.2,3.3,26.5,42.2,26,5.3,35.8,22.9,29.6,11.7,33.5,30,30.6,6,55.9,43.8,87.9,776
165,2,0,8,7,4,79,12.7,11,3,9.5,29.1,44.2,17.1,5.8,25.3,42.8,26.1,15.8,20.5,45.2,18.5,5,39,33.2,22.8,60.7,76.6,7.2,28.1,50.2,14.5,4.3,25.4,41.3,28.9,15.1,34.6,37.7,12.7,5.5,32.5,42.1,19.9,85.3,4,23.4,52,20.6,4.3,23.8,45.5,26.4,5.6,17.5,42.9,34,5.2,17.9,47.6,29.4,76.4,54,95.5,779
166,2,0,39,37,3,19,23,10,22,21.2,36.5,28.4,13.9,12.1,41.5,35,11.4,29.7,33,26,11.2,21,48.4,18.6,12,48.9,57.7,22.9,36.1,32.4,8.6,15.9,41.7,27.8,14.6,32.2,29,27.1,11.7,24,34.9,24.8,16.3,61.5,20.5,32.4,36.2,11,27,45.7,23.3,4,32.1,25.5,31.3,11,21.9,32.8,34.6,10.7,55,53.6,76.2,781
167,1,0,56,6,2,36,55.299999,13,3,34.6,41.2,20.9,3.3,15.6,51.8,27.9,4.7,35.1,43.2,20.7,0.9,22.3,58.9,15.2,3.6,35.2,36.2,34,41.9,22.8,1.3,19.8,47.5,29,3.6,21.7,33.7,39.8,4.8,22.9,48.2,26.5,2.4,65.9,24.7,36.1,34,5.2,17.9,44.2,35.8,2.1,20.5,37.5,33.9,8,23.9,27.2,46.7,2.2,67.6,59.3,90.2,784
168,3,0,35,34,4,25,37.799999,11,18,34,33.3,23.6,9.1,18.1,36.7,30.4,14.8,35,29.7,26.8,8.4,30.9,44.9,16.8,7.4,37.8,40.2,31.6,34.8,27.4,6.2,23.7,34.7,29.6,11.9,56.2,22.7,17.2,4,38.9,35.4,21.9,3.8,54.7,24.5,28.9,34.1,12.5,29.6,32.4,26.4,11.6,36.4,19.7,28.9,15,30.3,25.8,31.8,12.1,54.3,42.1,90.5,785
169,1,0,22,4,3,70,28.700001,12,1,19.6,41,31.6,7.8,12,38.4,37.9,11.7,24.8,37.2,32.8,5.1,21.2,54,21.2,3.6,43.6,53.6,23.5,37.3,30.6,8.6,16,40.6,32.6,10.9,23,34.9,31.6,10.5,15.1,42.8,35.5,6.6,61.3,22.6,38.3,31.3,7.8,18.6,44.1,29.4,7.8,28.3,21.3,34.6,15.7,19.7,30.3,45.1,4.9,60.4,49.6,93.9,786
170,1,0,57,2,1,38,40.799999,11,0,23.7,34.4,32.5,9.4,15.7,37.4,35.9,10.9,21.2,28.8,36.3,13.7,15.1,37.7,26.4,20.8,46.3,56.7,29.5,32.2,30.9,7.4,29,39.3,25.2,6.6,29.6,41.3,24.5,4.6,27.6,33.2,30.2,9,63.4,33.3,34.6,28.8,3.2,47.3,37.3,14.2,1.2,42.9,17.9,26.1,13,39,25.6,22.6,12.8,64.6,56.9,75.7,789
171,1,0,1,19,3,77,14.8,8,7,8.8,31.3,40.8,19.1,3.4,40.8,43.9,11.9,2.9,23.1,52.9,21.2,6.7,47.1,29.8,16.3,52.3,70.5,8.1,33,49.1,9.8,3.5,23.2,51.6,21.8,3.3,16.7,56.7,23.3,2.2,30,44.4,23.3,80.3,18.3,33.3,43,5.4,15.7,46.1,37.1,1.1,14,31.6,46.5,7.9,16.3,43.1,33.3,7.3,77.8,58.4,96.1,791
172,1,0,75,5,3,15,58.5,12,4,39,37.7,19.2,4.1,24.9,50.1,22.3,2.7,35.2,36.6,24.2,4,26,52.2,15.6,6.1,25.9,39.1,40.1,34.1,24,1.8,36.5,39.8,19.9,3.9,42.8,31.6,21,4.7,34.5,40.4,21.1,4,48.3,34.4,33.1,27.4,5.2,23.6,39.8,32.4,4.3,34.6,26.6,29.5,9.2,34.3,25.4,31.8,8.5,48.5,49.6,87.8,792
173,1,0,50,7,3,39,43.400002,13,2,32.3,33.4,29.4,4.8,26,41.5,26.6,5.9,36.6,32.3,25.8,5.4,30.6,48.9,17.2,3.2,40.9,48.4,32.6,34.9,30.7,1.7,29.3,40,26.4,4.4,45,32.8,20.6,1.7,26.8,40.2,25.1,7.8,57.1,22.8,31.2,39.2,6.9,28.2,43.6,26.4,1.8,40.6,27.8,26.1,5.6,26.4,37.4,33.1,3.1,63.6,40.3,94,793
